Name,TopicUrl
ZDR,https://bitcointalk.org/index.php?topic=2017088.0
SDAO,https://bitcointalk.org/index.php?topic=2020066.0
SND,https://bitcointalk.org/index.php?topic=2049619.0
TEU,https://bitcointalk.org/index.php?topic=2057994.0
ZONTO,https://bitcointalk.org/index.php?topic=2073582.0
SHELLS,https://bitcointalk.org/index.php?topic=2110570.0
jNetCoin,https://bitcointalk.org/index.php?topic=2159638.0
LOAN,https://bitcointalk.org/index.php?topic=2163413.0
XIC,https://bitcointalk.org/index.php?topic=2171767.0
CBT,https://bitcointalk.org/index.php?topic=2190748.0
CS,https://bitcointalk.org/index.php?topic=2190887.0
COV,https://bitcointalk.org/index.php?topic=2216847.0
BIX,https://bitcointalk.org/index.php?topic=2219197.0
FNU,https://bitcointalk.org/index.php?topic=2249666.0
GEE,https://bitcointalk.org/index.php?topic=2261404.0
GMR,https://bitcointalk.org/index.php?topic=2299128.0
VRTM,https://bitcointalk.org/index.php?topic=2302156.0
CELL,https://bitcointalk.org/index.php?topic=2335152.0
LVN,https://bitcointalk.org/index.php?topic=2339961.0
OMX,https://bitcointalk.org/index.php?topic=2365709.0
SYNT,https://bitcointalk.org/index.php?topic=2379732.0
WHALE,https://bitcointalk.org/index.php?topic=2397479.0
QWS,https://bitcointalk.org/index.php?topic=2425315.0
BEN,https://bitcointalk.org/index.php?topic=2451565.0
GPT,https://bitcointalk.org/index.php?topic=2481155.0
EXO,https://bitcointalk.org/index.php?topic=2494816.0
ITC,https://bitcointalk.org/index.php?topic=2534169.0
HGR,https://bitcointalk.org/index.php?topic=2705218.0
KLT,https://bitcointalk.org/index.php?topic=2765358.0
AFL,https://bitcointalk.org/index.php?topic=2777494.0
TIP,https://bitcointalk.org/index.php?topic=2838012.0
UME,https://bitcointalk.org/index.php?topic=2934512.0
PATH,https://bitcointalk.org/index.php?topic=2970926.0
CRTK,https://bitcointalk.org/index.php?topic=2991930.0
GOL,https://bitcointalk.org/index.php?topic=2994626.0
LCCT,https://bitcointalk.org/index.php?topic=3004214.0
STAR,https://bitcointalk.org/index.php?topic=3031906.0
WPT,https://bitcointalk.org/index.php?topic=3032899.0
R3S,https://bitcointalk.org/index.php?topic=3040560.0
BitCheke_BCK,https://bitcointalk.org/index.php?topic=3075334.0
RDC,https://bitcointalk.org/index.php?topic=3130310.0
Platio,https://bitcointalk.org/index.php?topic=3130921.0
SMHC,https://bitcointalk.org/index.php?topic=3134334.0
ABLE,https://bitcointalk.org/index.php?topic=3159298.0
UCHT,https://bitcointalk.org/index.php?topic=3160710.0
AIC,https://bitcointalk.org/index.php?topic=3164832.0
INV,https://bitcointalk.org/index.php?topic=3168762.0
LEON,https://bitcointalk.org/index.php?topic=3205950.0
CCCR,https://bitcointalk.org/index.php?topic=3211502.0
EGT,https://bitcointalk.org/index.php?topic=3212756.0
BZS,https://bitcointalk.org/index.php?topic=3223829.0
BRC,https://bitcointalk.org/index.php?topic=3238347.0
SKP,https://bitcointalk.org/index.php?topic=3245886.0
MET,https://bitcointalk.org/index.php?topic=3254596.0
CLRS,https://bitcointalk.org/index.php?topic=3271506.0
DTQ,https://bitcointalk.org/index.php?topic=3276092.0
GUAR,https://bitcointalk.org/index.php?topic=3293429.0
ANK,https://bitcointalk.org/index.php?topic=3296788.0
PCC,https://bitcointalk.org/index.php?topic=3305021.0
WIZE,https://bitcointalk.org/index.php?topic=3311597.0
LDX,https://bitcointalk.org/index.php?topic=3351897.0
VTOS,https://bitcointalk.org/index.php?topic=3373441.0
PMC,https://bitcointalk.org/index.php?topic=3413280.0
ZUZ,https://bitcointalk.org/index.php?topic=3510676.0
TONER,https://bitcointalk.org/index.php?topic=3639740.0
DST,https://bitcointalk.org/index.php?topic=3680838.0
ET,https://bitcointalk.org/index.php?topic=4073209.0
UMK,https://bitcointalk.org/index.php?topic=4360608.0
ID,https://bitcointalk.org/index.php?topic=4425004.0
ERN,https://bitcointalk.org/index.php?topic=4449377.0
EQI,https://bitcointalk.org/index.php?topic=4450804.0
LPC,https://bitcointalk.org/index.php?topic=4472914.0
AALT,https://bitcointalk.org/index.php?topic=4577686.0
PEXC,https://bitcointalk.org/index.php?topic=4582788.0
ILK,https://bitcointalk.org/index.php?topic=4700874.0
XOS,https://bitcointalk.org/index.php?topic=4818804.0
PRKC,https://bitcointalk.org/index.php?topic=4909830.0
FILO,https://bitcointalk.org/index.php?topic=4936542.0
CLX,https://bitcointalk.org/index.php?topic=4963713.0
MEL,https://bitcointalk.org/index.php?topic=5025721.0
RCALLS,https://bitcointalk.org/index.php?topic=5027656.0
CBUK,https://bitcointalk.org/index.php?topic=5027882.0
HAL Token,https://bitcointalk.org/index.php?topic=5032926.0
SYP,https://bitcointalk.org/index.php?topic=5068899.0
GFN,https://bitcointalk.org/index.php?topic=5080410.0
GBPT,https://bitcointalk.org/index.php?topic=5084553.0
