Name,TopicUrl
JEWEL,https://bitcointalk.org/index.php?topic=5057721.0
DGD,https://bitcointalk.org/index.php?topic=1417151.0
LKK,https://bitcointalk.org/index.php?topic=1402110.0
NEWB,https://bitcointalk.org/index.php?topic=1418497.0
CYFR,https://bitcointalk.org/index.php?topic=4680796.0
DR,https://bitcointalk.org/index.php?topic=4682318.0
KINWA,https://bitcointalk.org/index.php?topic=4684354.0
LTR,https://bitcointalk.org/index.php?topic=4684801.0
BUILD,https://bitcointalk.org/index.php?topic=4685040.0
IMDX,https://bitcointalk.org/index.php?topic=4686168.0
NVOY,https://bitcointalk.org/index.php?topic=4686800.0
XBET,https://bitcointalk.org/index.php?topic=4687089.0
IRESPO,https://bitcointalk.org/index.php?topic=4687091.0
ICHN,https://bitcointalk.org/index.php?topic=4687722.0
CIX100,https://bitcointalk.org/index.php?topic=4688321.0
CEW,https://bitcointalk.org/index.php?topic=4688506.0
TBL,https://bitcointalk.org/index.php?topic=4691540.0
WMPRO,https://bitcointalk.org/index.php?topic=4693899.0
